Workbook

Sheet DRP Log
A1: Screening ID | B1: Date | C1: Patient Population | D1: Problem Domain (PCNE) | E1: Cause Category | F1: Severity | G1: Description | H1: Intervention | I1: Outcome | J1: Pharmacist Sign-off
A2: DRP-001 | B2: 2026-07-01 | C2: Adult | D2: Treatment Safety | E2: Drug Interaction | F2: Critical | G2: Warfarin and diclofenac prescribed together — significant bleeding-risk interaction | H2: Contacted prescriber; NSAID substituted with paracetamol | I2: Accepted — therapy changed | J2: E. Kessem
A3: DRP-002 | B3: 2026-07-01 | C3: Adult (documented penicillin allergy) | D3: Treatment Safety | E3: Drug-Allergy Conflict | F3: Critical | G3: Amoxicillin prescribed despite documented penicillin allergy on file | H3: Contacted prescriber immediately; alternative antibiotic class prescribed | I3: Accepted — therapy changed | J3: E. Kessem
A4: DRP-003 | B4: 2026-07-02 | C4: Adult (reduced renal function) | D4: Treatment Safety | E4: Inappropriate Dose | F4: Critical | G4: Metformin continued at standard dose despite documented reduced kidney function | H4: Contacted prescriber; dose reduced per renal function | I4: Accepted — dose adjusted | J4: E. Kessem
A5: DRP-004 | B5: 2026-07-02 | C5: Adult | D5: Treatment Safety | E5: Therapeutic Duplication | F5: Moderate | G5: Two NSAIDs (ibuprofen and diclofenac) prescribed concurrently | H5: Counseled patient; flagged to prescriber | I5: Accepted — one discontinued | J5: E. Kessem
A6: DRP-005 | B6: 2026-07-03 | C6: Adult (type 2 diabetes) | D6: Treatment Effectiveness | E6: Untreated Indication | F6: Moderate | G6: No statin on regimen despite a cardiovascular risk profile consistent with guideline-recommended therapy | H6: Flagged to prescriber for review | I6: Pending — referred to next visit | J6: E. Kessem
A7: DRP-006 | B7: 2026-07-03 | C7: Adult | D7: Treatment Safety | E7: Drug Interaction | F7: Critical | G7: Enalapril and spironolactone prescribed together — hyperkalemia risk with no monitoring plan noted | H7: Contacted prescriber to confirm monitoring plan | I7: Accepted — monitoring added | J7: E. Kessem
A8: DRP-007 | B8: 2026-07-04 | C8: Adult | D8: Treatment Effectiveness | E8: Inappropriate Duration | F8: Moderate | G8: Antibiotic course prescribed shorter than guideline-recommended for the indication | H8: Counseled patient on completing full course; flagged to prescriber | I8: Accepted — course extended | J8: E. Kessem
A9: DRP-008 | B9: 2026-07-04 | C9: Adult | D9: Treatment Safety | E9: Dispensing/Logistics Error | F9: Critical | G9: Prescription called for 500 mg; stock pick was 250 mg tablets without adjusting quantity | H9: Caught at final check before dispensing; corrected | I9: Resolved before dispensing | J9: E. Kessem
A10: DRP-009 | B10: 2026-07-05 | C10: Pediatric | D10: Treatment Safety | E10: Inappropriate Dose | F10: Critical | G10: Weight-based dose calculation not reflected in the prescribed quantity | H10: Contacted prescriber to reconfirm weight-based calculation | I10: Accepted — dose corrected | J10: E. Kessem
A11: DRP-010 | B11: 2026-07-05 | C11: Adult (long-term NSAID use) | D11: Treatment Effectiveness | E11: Untreated Indication | F11: Moderate | G11: Long-term NSAID use with no gastroprotective agent despite risk profile | H11: Flagged to prescriber | I11: Accepted — gastroprotection added | J11: E. Kessem
A12: DRP-011 | B12: 2026-07-06 | C12: Adult | D12: Treatment Safety | E12: Drug Interaction | F12: Critical | G12: Simvastatin prescribed alongside a strong CYP3A4-inhibiting antibiotic — myopathy risk | H12: Contacted prescriber; statin held during antibiotic course | I12: Accepted — therapy paused | J12: E. Kessem
... A29: DRP-028 | B29: 2026-07-14 | C29: Adult | D29: — | E29: — | F29: — | G29: Screened — no drug-related problem identified | H29: — | I29: Dispensed as prescribed | J29: E. Kessem

Sheet DRP Summary
A1: Drug-Related Problem (DRP) Screening — Summary
A2: Note: this 28-record sample is curated to illustrate the range of DRPs the screening step catches (not a random cross-section of dispensing volume) — see README for how this maps to ongoing practice.
A4: Overall Stats
A5: Total Screenings | B5: =COUNTA('DRP Log'!A2:A29) -> 28
A6: DRPs Identified | B6: =COUNTIF('DRP Log'!F2:F29,"Critical")+COUNTIF('DRP Log'!F2:F29,"Moderate") -> 24
A7: Clean (No DRP) | B7: =COUNTIF('DRP Log'!F2:F29,"—") -> 4
A8: DRP Identification Rate (this sample) | B8: =B6/B5 -> 0.85714286
A10: By Severity
A11: Severity | B11: Count | C11: % of DRPs
A12: Critical | B12: =COUNTIF('DRP Log'!F2:F29,"Critical") -> 12 | C12: =B12/$B$6 -> 0.5
A13: Moderate | B13: =COUNTIF('DRP Log'!F2:F29,"Moderate") -> 12 | C13: =B13/$B$6 -> 0.5
A15: By PCNE Problem Domain
A16: Problem Domain | B16: Count | C16: % of DRPs
A17: Treatment Safety | B17: =COUNTIF('DRP Log'!D2:D29,A17) -> 17 | C17: =B17/$B$6 -> 0.70833333
A18: Treatment Effectiveness | B18: =COUNTIF('DRP Log'!D2:D29,A18) -> 6 | C18: =B18/$B$6 -> 0.25
A19: Other | B19: =COUNTIF('DRP Log'!D2:D29,A19) -> 1 | C19: =B19/$B$6 -> 0.041666667
A21: By Cause Category
A22: Cause Category | B22: Count | C22: % of DRPs
A23: Drug Interaction | B23: =COUNTIF('DRP Log'!E2:E29,A23) -> 4 | C23: =B23/$B$6 -> 0.16666667
A24: Drug-Allergy Conflict | B24: =COUNTIF('DRP Log'!E2:E29,A24) -> 2 | C24: =B24/$B$6 -> 0.083333333
A25: Inappropriate Dose | B25: =COUNTIF('DRP Log'!E2:E29,A25) -> 5 | C25: =B25/$B$6 -> 0.20833333
A26: Therapeutic Duplication | B26: =COUNTIF('DRP Log'!E2:E29,A26) -> 3 | C26: =B26/$B$6 -> 0.125
A27: Untreated Indication | B27: =COUNTIF('DRP Log'!E2:E29,A27) -> 4 | C27: =B27/$B$6 -> 0.16666667
A28: Inappropriate Duration | B28: =COUNTIF('DRP Log'!E2:E29,A28) -> 2 | C28: =B28/$B$6 -> 0.083333333
A29: Dispensing/Logistics Error | B29: =COUNTIF('DRP Log'!E2:E29,A29) -> 3 | C29: =B29/$B$6 -> 0.125
A30: Patient-Related (Possible Non-Adherence) | B30: =COUNTIF('DRP Log'!E2:E29,A30) -> 1 | C30: =B30/$B$6 -> 0.041666667

Sheet Screening Checklist
A1: Point-of-Dispensing Screening Checklist
A2: Row 3 shows an example entry (synthetic data). Complete for every new prescription starting Row 4 — before dispensing, not after.
A3: Patient Population | B3: Medication List Reviewed (Y/N) | C3: Allergy Check (Y/N) | D3: Interaction Check (Y/N) | E3: Dose-Appropriateness Check (Y/N) | F3: Duplication Check (Y/N) | G3: Indication Check (Y/N) | H3: DRP Identified (Y/N) | I3: Pharmacist
A4: Adult | B4: Y | C4: Y | D4: Y | E4: Y | F4: Y | G4: Y | H4: N | I4: QC Reviewer (E. Kessem)
